metric,value
Acquirer_rev,259517623.23169613
Target_rev,208480079.61939645
Combined_rev,467997702.8510926
Purchase_price,1705794923.92748
Synergy_NPV,78279939.12145172
Deal_NPV,-1627514984.8060284
