revenue_won,win_rate,cac,ltv_assumption,payback_months,pipeline_coverage_x
6151134.640000001,0.6821705426356589,4937.982499999999,78636.6644318182,2.2606168672646705,0.014236941638728625
